{"assets/fonts/Poppins-Bold.ttf":["assets/fonts/Poppins-Bold.ttf"],"assets/fonts/Poppins-Italic.ttf":["assets/fonts/Poppins-Italic.ttf"],"assets/fonts/Poppins-Regular.ttf":["assets/fonts/Poppins-Regular.ttf"],"assets/images/Business.png":["assets/images/Business.png"],"assets/images/Code.png":["assets/images/Code.png"],"assets/images/Data.png":["assets/images/Data.png"],"assets/images/Design.png":["assets/images/Design.png"],"assets/images/Finance.png":["assets/images/Finance.png"],"assets/images/animations/104368-thank-you.json":["assets/images/animations/104368-thank-you.json"],"assets/images/animations/110052-paper-plane.json":["assets/images/animations/110052-paper-plane.json"],"assets/images/animations/120978-payment-successful.json":["assets/images/animations/120978-payment-successful.json"],"assets/images/animations/136491-animation-lottie-car-rides.json":["assets/images/animations/136491-animation-lottie-car-rides.json"],"assets/images/animations/140429-pencil-drawing.json":["assets/images/animations/140429-pencil-drawing.json"],"assets/images/animations/141397-loading-juggle.json":["assets/images/animations/141397-loading-juggle.json"],"assets/images/animations/141594-animation-of-docer.json":["assets/images/animations/141594-animation-of-docer.json"],"assets/images/animations/53207-empty-file.json":["assets/images/animations/53207-empty-file.json"],"assets/images/animations/67263-security-icon-transparent.json":["assets/images/animations/67263-security-icon-transparent.json"],"assets/images/animations/72462-check-register.json":["assets/images/animations/72462-check-register.json"],"assets/images/animations/72785-searching.json":["assets/images/animations/72785-searching.json"],"assets/images/animations/98783-packaging-in-progress.json":["assets/images/animations/98783-packaging-in-progress.json"],"assets/images/animations/cloud-uploading-animation.json":["assets/images/animations/cloud-uploading-animation.json"],"assets/images/animations/lady-adding-product-in-cart-animation.json":["assets/images/animations/lady-adding-product-in-cart-animation.json"],"assets/images/animations/loader-animation.json":["assets/images/animations/loader-animation.json"],"assets/images/animations/order-complete-car-delivery-animation.json":["assets/images/animations/order-complete-car-delivery-animation.json"],"assets/images/animations/sammy-line-come-back-later.png":["assets/images/animations/sammy-line-come-back-later.png"],"assets/images/animations/sammy-line-man-receives-a-mail.png":["assets/images/animations/sammy-line-man-receives-a-mail.png"],"assets/images/animations/sammy-line-sale.png":["assets/images/animations/sammy-line-sale.png"],"assets/images/animations/sammy-line-success.png":["assets/images/animations/sammy-line-success.png"],"assets/images/animations/sammy-line-travel-backpack-with-passport-and-air-ticket.gif":["assets/images/animations/sammy-line-travel-backpack-with-passport-and-air-ticket.gif"],"assets/images/animations/sammy-line-workout.gif":["assets/images/animations/sammy-line-workout.gif"],"assets/images/background.png":["assets/images/background.png"],"assets/images/background1.jpg":["assets/images/background1.jpg"],"assets/images/blender.jpg":["assets/images/blender.jpg"],"assets/images/bookmark1.png":["assets/images/bookmark1.png"],"assets/images/bookmark2.png":["assets/images/bookmark2.png"],"assets/images/failure.png":["assets/images/failure.png"],"assets/images/google.png":["assets/images/google.png"],"assets/images/icon.png":["assets/images/icon.png"],"assets/images/lock.png":["assets/images/lock.png"],"assets/images/mentor.png":["assets/images/mentor.png"],"assets/images/newimage.jpg":["assets/images/newimage.jpg"],"assets/images/nothing.png":["assets/images/nothing.png"],"assets/images/notification.png":["assets/images/notification.png"],"assets/images/play.png":["assets/images/play.png"],"assets/images/search.png":["assets/images/search.png"],"assets/images/searchImage.png":["assets/images/searchImage.png"],"assets/images/success.png":["assets/images/success.png"],"assets/images/tick.png":["assets/images/tick.png"],"assets/images/uiux.png":["assets/images/uiux.png"],"assets/images/upload.png":["assets/images/upload.png"],"assets/images/uploadedVideo.png":["assets/images/uploadedVideo.png"],"assets/images/warning.png":["assets/images/warning.png"],"assets/videos/sampleVideo.mp4":["assets/videos/sampleVideo.mp4"],"assets/videos/sampleVideo2.mp4":["assets/videos/sampleVideo2.mp4"],"packages/cupertino_icons/assets/CupertinoIcons.ttf":["packages/cupertino_icons/assets/CupertinoIcons.ttf"],"packages/fluttertoast/assets/toastify.css":["packages/fluttertoast/assets/toastify.css"],"packages/fluttertoast/assets/toastify.js":["packages/fluttertoast/assets/toastify.js"],"packages/iconsax/lib/assets/fonts/iconsax.ttf":["packages/iconsax/lib/assets/fonts/iconsax.ttf"]}