[{"family":"MaterialIcons","fonts":[{"asset":"fonts/MaterialIcons-Regular.otf"}]},{"family":"Poppins","fonts":[{"asset":"assets/fonts/Poppins-Regular.ttf"},{"weight":700,"asset":"assets/fonts/Poppins-Bold.ttf"},{"style":"italic","asset":"assets/fonts/Poppins-Italic.ttf"}]},{"family":"packages/cupertino_icons/CupertinoIcons","fonts":[{"asset":"packages/cupertino_icons/assets/CupertinoIcons.ttf"}]},{"family":"packages/iconsax/iconsax","fonts":[{"asset":"packages/iconsax/lib/assets/fonts/iconsax.ttf"}]}]